Nº colaborador,"Nº avaliador 
(= nº colaborador)","Diretor Unidade
(= nº colaborador)"
1,8,15.0
2,9,16.0
3,10,17.0
4,11,18.0
5,12,19.0
6,13,20.0
7,14,21.0
8,15,15.0
9,16,16.0
10,17,17.0
11,18,18.0
12,19,19.0
13,20,20.0
14,21,21.0
15,22,22.0
16,22,22.0
17,22,22.0
18,22,22.0
19,22,22.0
20,22,22.0
21,22,22.0
22,22,
